Season,Shipments,SharePercentage,AvgTransactionValue,SeasonalIndex,Rank
Spring,8359,28.63,3310.164,128.6,1
Summer,8086,24.35,3202.056,124.4,3
Fall,5551,18.54,2198.196,85.39999999999999,4
Winter,8352,28.48,3307.5899999999997,128.5,2
