TotalShipments,TotalInvoices,TotalRevenue,TotalProfit,AvgDeliveryTime
25907,55260,142184455.99199998,139465346.365,1.5763274336283186
