Season,TotalShipments,AvgWeight,AvgValue
Fall,4803,4823.2868144909435,74948.47654445139
Spring,7417,5626.671314547661,56412.630959956856
Summer,6309,19870.017506736407,65679.60427310193
Winter,7378,4864.535269720792,51612.48751775549
