YearMonth,ActualTransactions,6M_Forecast,ForecastConfidence,SeasonalFactor
2019-02,4821,5062,0.9021536612651124,1.15
2019-03,4796,4988,0.8684110145240237,1.08
2019-04,4704,5076,0.8506654664093184,1.02
2019-05,4896,5006,0.87440259380131,0.95
2019-06,4768,4982,0.9088052105571245,0.92
2019-07,4970,5083,0.8821048359887498,0.88
