TotalShipments,AvgShipmentValue,OnTimeDeliveryRate,TotalInvoices,TotalRevenue,AvgProfitMargin
25907,60738.779979851,0.06874589879183232,55260,142184455.99199998,-198715.7437565075
